animal,mean,std,lower,upper,ci_width,state_threshold,exceedance
pig1720,0.022832233310581495,0.0012742605522663086,0.02074436564802086,0.024963558661177648,0.004219193013156788,80,SpikerateCoact_output_1min_20minbuff_0p75
pig1721,0.05893242220266667,0.0023146878935079323,0.05491356936553469,0.06274504615111179,0.0078314767855771,80,SpikerateCoact_output_1min_20minbuff_0p75
pig1723,0.06962244023050389,0.002557738688726486,0.0656965962792367,0.07407628960539171,0.008379693326155013,80,SpikerateCoact_output_1min_20minbuff_0p75
pig1740,0.15480036925352364,0.0031487250815200136,0.1494690058406693,0.15972698232002278,0.010257976479353476,80,SpikerateCoact_output_1min_20minbuff_0p75
pig1741,0.10769112058560856,0.0022015473910960864,0.1041118773209936,0.11133187956440509,0.0072200022434114886,80,SpikerateCoact_output_1min_20minbuff_0p75
pig1742,0.08472248607926625,0.002605670395504255,0.08049459547985584,0.08901490337373069,0.008520307893874854,80,SpikerateCoact_output_1min_20minbuff_0p75
