animal,mean,std,lower,upper,ci_width,state_threshold,exceedance
pig1720,0.02040556444906437,0.0011193036471262873,0.018564449257889856,0.022224599196803363,0.0036601499389135074,90,SpikestdCoact_output_1min_20minbuff_0p75
pig1721,0.049377461133063634,0.002076484443053897,0.04605188045518821,0.05276923643615048,0.006717355980962271,90,SpikestdCoact_output_1min_20minbuff_0p75
pig1723,0.029223345496600266,0.001605420378213895,0.02671930769077386,0.03190365097405834,0.00518434328328448,90,SpikestdCoact_output_1min_20minbuff_0p75
pig1740,0.07151150850965184,0.0021662754217190603,0.0681114697780046,0.07510971192429643,0.006998242146291828,90,SpikestdCoact_output_1min_20minbuff_0p75
pig1741,0.04882183092913189,0.0014625152354283278,0.04639117392787782,0.051201425262373625,0.0048102513344958076,90,SpikestdCoact_output_1min_20minbuff_0p75
pig1742,0.05235702587618732,0.0020832466564715993,0.04888634130363574,0.05560104814936125,0.006714706845725511,90,SpikestdCoact_output_1min_20minbuff_0p75
