animal,mean,std,lower,upper,ci_width,state_threshold,exceedance
pig1720,0.0,0.0,0.0,0.0,0.0,80,SpikerateCoact_output_1min_20minbuff_0p9
pig1721,0.010591512961294064,0.001026732979107588,0.00895025918351669,0.012399838243830414,0.003449579060313724,80,SpikerateCoact_output_1min_20minbuff_0p9
pig1723,0.00019221949711870152,0.00013896525953969953,0.0,0.0004984945464696616,0.0004984945464696616,80,SpikerateCoact_output_1min_20minbuff_0p9
pig1740,0.0808193403420498,0.0022614135442411035,0.07707573919392426,0.08441693255650692,0.007341193362582668,80,SpikerateCoact_output_1min_20minbuff_0p9
pig1741,0.055369739305797624,0.0015858296240940791,0.05254274534603111,0.05790802568066104,0.005365280334629935,80,SpikerateCoact_output_1min_20minbuff_0p9
pig1742,0.03586251228300031,0.0016513940401793202,0.03324598755322632,0.03865050769734685,0.005404520144120531,80,SpikerateCoact_output_1min_20minbuff_0p9
