animal,mean,std,lower,upper,ci_width,state_threshold,exceedance
pig1720,0.024586433125684985,0.0013181503549749979,0.022639486509763784,0.026932515400650812,0.004293028890887028,70,SpikestdCoact_output_1min_20minbuff_0p75
pig1721,0.052067946336375355,0.002119313346499584,0.04876026617686697,0.05547296056450449,0.0067126943876375175,70,SpikestdCoact_output_1min_20minbuff_0p75
pig1723,0.06026190903471516,0.002342929202738896,0.05642958266036569,0.06411138362146317,0.007681800961097475,70,SpikestdCoact_output_1min_20minbuff_0p75
pig1740,0.15631492331802238,0.00301260544072462,0.15150973535542978,0.16142815617508938,0.009918420819659601,70,SpikestdCoact_output_1min_20minbuff_0p75
pig1741,0.119237805147149,0.0023355499345071194,0.11553622424042112,0.12312855843808927,0.007592334197668152,70,SpikestdCoact_output_1min_20minbuff_0p75
pig1742,0.07921159515230915,0.002335177192285034,0.07549950867998685,0.08303308221421547,0.007533573534228621,70,SpikestdCoact_output_1min_20minbuff_0p75
