animal,mean,std,lower,upper,ci_width,state_threshold,exceedance
pig1720,0.03011540428989274,0.0014353248268943854,0.027635714236176945,0.03255810608485986,0.004922391848682914,50,SpikerateCoact_output_1min_20minbuff_0p9
pig1721,0.03698247094629096,0.001772853439648864,0.034029631270662414,0.03999647072634021,0.005966839455677796,50,SpikerateCoact_output_1min_20minbuff_0p9
pig1723,0.10865705569181072,0.0032442400347054015,0.10348746784710175,0.1138611393591354,0.010373671512033653,50,SpikerateCoact_output_1min_20minbuff_0p9
pig1740,0.16930815645847438,0.0032072903740685828,0.1642091170279826,0.17459952021461675,0.010390403186634145,50,SpikerateCoact_output_1min_20minbuff_0p9
pig1741,0.1288343953167182,0.002304401340205456,0.12506653469689094,0.13260567861537956,0.007539143918488617,50,SpikerateCoact_output_1min_20minbuff_0p9
pig1742,0.13143694726498517,0.0031555921505937896,0.12642892237143782,0.13650917130691115,0.010080248935473324,50,SpikerateCoact_output_1min_20minbuff_0p9
