animal,mean,std,lower,upper,ci_width,state_threshold,exceedance
N1,0,0,0,0,0,70,SpikerateCoact_output_1min_20minbuff_0p9
N2,0.013593579,0.001106162,0.011840447,0.015294688,0.003454241,70,SpikerateCoact_output_1min_20minbuff_0p9
N3,0.025228709,0.001582403,0.022631652,0.027915695,0.005284042,70,SpikerateCoact_output_1min_20minbuff_0p9
N4,0.113192034,0.00270032,0.108997367,0.117757903,0.008760536,70,SpikerateCoact_output_1min_20minbuff_0p9
N5,0.077772282,0.001890458,0.074602835,0.080802972,0.006200136,70,SpikerateCoact_output_1min_20minbuff_0p9
N6,0.047002948,0.002003631,0.043809368,0.050442188,0.00663282,70,SpikerateCoact_output_1min_20minbuff_0p9
