animal,mean,std,lower,upper,ci_width,state_threshold,exceedance
pig1720,0.003529284635622098,0.0004984151068670268,0.0027424754585519103,0.0044301526638146245,0.0016876772052627142,90,SpikerateCoact_output_1min_20minbuff_0p75
pig1721,0.031554511678954074,0.0017343575484592793,0.028622183013954413,0.03449579060313724,0.005873607589182827,90,SpikerateCoact_output_1min_20minbuff_0p75
pig1723,0.01869055452533349,0.0013527459421545976,0.0163506211242049,0.020837072042431855,0.004486450918226956,90,SpikerateCoact_output_1min_20minbuff_0p75
pig1740,0.07671886619558595,0.0021739688549352264,0.07307237796613288,0.08020644237630226,0.00713406441016938,90,SpikerateCoact_output_1min_20minbuff_0p75
pig1741,0.05236610736673842,0.0015291263278840988,0.04981385276203829,0.05494787101327901,0.00513401825124072,90,SpikerateCoact_output_1min_20minbuff_0p75
pig1742,0.0303471994759253,0.0015857961799753226,0.02775958074025547,0.03292253521126758,0.005162954471012112,90,SpikerateCoact_output_1min_20minbuff_0p75
