animal,mean,std,lower,upper,ci_width,state_threshold,exceedance
pig1720,0.4724278937551304,0.00475561921250628,0.4647441103992199,0.4804324764198079,0.015688366020587985,50,SpikerateCoact_output_1min_20minbuff_0p6
pig1721,0.6590625904835659,0.006104600996168698,0.6491734864044449,0.6687568399617123,0.01958335355726737,50,SpikerateCoact_output_1min_20minbuff_0p6
pig1723,0.7696686008255069,0.006183616265354221,0.7593068931825885,0.7797451695878447,0.020438276405256195,50,SpikerateCoact_output_1min_20minbuff_0p6
pig1740,0.7629093098878689,0.005282524879514823,0.7541531201802096,0.7715451610697325,0.017392040889522842,50,SpikerateCoact_output_1min_20minbuff_0p6
pig1741,0.7119597034763061,0.004348515955487093,0.7047943253369912,0.7192273919613125,0.014433066624321311,50,SpikerateCoact_output_1min_20minbuff_0p6
pig1742,0.843522191287258,0.005960592639902943,0.8335244022273169,0.8532590894202419,0.019734687192924927,50,SpikerateCoact_output_1min_20minbuff_0p6
