animal,mean,std,lower,upper,ci_width,state_threshold,exceedance
pig1720,0.018940941914430545,0.0011363325128137516,0.01708773170328498,0.020814685531573476,0.003726953828288495,90,SpikestdCoact_output_1min_20minbuff_0p9
pig1721,0.04104243903654723,0.0019087116620342007,0.037852137796956,0.044098672852118694,0.006246535055162691,90,SpikestdCoact_output_1min_20minbuff_0p9
pig1723,0.028551673944687044,0.0016345980788537854,0.02582201750712847,0.031205758609000815,0.005383741101872345,90,SpikestdCoact_output_1min_20minbuff_0p9
pig1740,0.05792513954284653,0.0018728592186691045,0.05487219460653844,0.06098419648102911,0.006112001874490673,90,SpikestdCoact_output_1min_20minbuff_0p9
pig1741,0.03958425201781615,0.0013683919849860145,0.037279447842342495,0.04176593226009339,0.004486484417750895,90,SpikestdCoact_output_1min_20minbuff_0p9
pig1742,0.03043244349819848,0.001568021988536556,0.027755486406812954,0.03300032754667538,0.005244841139862427,90,SpikestdCoact_output_1min_20minbuff_0p9
