animal,mean,std,lower,upper,ci_width,state_threshold,exceedance
pig1720,0.040607834114778134,0.0016432980014514367,0.038043057001963684,0.04325024437903467,0.0052071873770709876,80,SpikerateCoact_output_1min_20minbuff_0p6
pig1721,0.13010199304213005,0.003314128504131291,0.12474423737026387,0.13555913388367988,0.010814896513416009,80,SpikerateCoact_output_1min_20minbuff_0p6
pig1723,0.14984606488405017,0.0036959070194586383,0.14366612829255646,0.15592909413571016,0.0122629658431537,80,SpikerateCoact_output_1min_20minbuff_0p6
pig1740,0.24028296329241397,0.003681868385359482,0.23436131632074772,0.24618464439129023,0.01182332807054251,80,SpikerateCoact_output_1min_20minbuff_0p6
pig1741,0.18014752016536878,0.0026543323068928004,0.17594419304251965,0.1848709094613436,0.008926716418823949,80,SpikerateCoact_output_1min_20minbuff_0p6
pig1742,0.18233860137569594,0.0036970684182965697,0.17613822469701923,0.1883393383557156,0.012201113658696361,80,SpikerateCoact_output_1min_20minbuff_0p6
