animal,mean,std,lower,upper,ci_width,state_threshold,exceedance
pig1720,0.04653798021465356,0.0017413815599557363,0.043598327802620115,0.049223918486829166,0.00562559068420905,50,SpikestdCoact_output_1min_20minbuff_0p75
pig1721,0.11398649199100927,0.0032089715444532795,0.1087083563331298,0.1192435572470609,0.010535200913931106,50,SpikestdCoact_output_1min_20minbuff_0p75
pig1723,0.13344689039101912,0.0034218577078522624,0.12790871567865048,0.13898027955574166,0.011071563877091184,50,SpikestdCoact_output_1min_20minbuff_0p75
pig1740,0.2902814476042336,0.003907269935221031,0.2840043537679997,0.2964320909127974,0.012427737144797668,50,SpikestdCoact_output_1min_20minbuff_0p75
pig1741,0.24019684772854732,0.0030242996797491604,0.23505478155680465,0.24500136376337506,0.009946582206570409,50,SpikestdCoact_output_1min_20minbuff_0p75
pig1742,0.11165263675073692,0.002841132286440152,0.10709957418932192,0.11636505076973462,0.009265476580412699,50,SpikestdCoact_output_1min_20minbuff_0p75
