animal,mean,std,lower,upper,ci_width,state_threshold,exceedance
pig1720,0.03200187580595869,0.0014973874130049672,0.02960467097565011,0.034460258934958035,0.004855587959307926,70,SpikestdCoact_output_1min_20minbuff_0p6
pig1721,0.06608349282656353,0.002427581530184388,0.062185654952142004,0.07011036360421408,0.007924708652072072,70,SpikestdCoact_output_1min_20minbuff_0p6
pig1723,0.10094175589719048,0.0031659589880150035,0.09551155510358716,0.10607963948874398,0.010568084385156815,70,SpikestdCoact_output_1min_20minbuff_0p6
pig1740,0.21125679474593004,0.003492328167916449,0.20536326298288643,0.217183195496832,0.011819932513945558,70,SpikestdCoact_output_1min_20minbuff_0p6
pig1741,0.1693586814510948,0.0026823068405275414,0.16502862270654842,0.17386283429201665,0.008834211585468238,70,SpikestdCoact_output_1min_20minbuff_0p6
pig1742,0.09816295447101207,0.00269167004005323,0.09384212250245655,0.10268997707173265,0.0088478545692761,70,SpikestdCoact_output_1min_20minbuff_0p6
