animal,mean,std,lower,upper,ci_width,state_threshold,exceedance
pig1720,0.08831228055780244,0.002506947514649666,0.08424322049603047,0.09225968722102837,0.008016466724997895,70,SpikerateCoact_output_1min_20minbuff_0p6
pig1721,0.20718721904256548,0.003932593907892189,0.20100790416314565,0.21396713360594585,0.012959229442800202,70,SpikerateCoact_output_1min_20minbuff_0p6
pig1723,0.28671362485294405,0.004798891785019014,0.27875316544037,0.29441586409044684,0.015662698650076856,70,SpikerateCoact_output_1min_20minbuff_0p6
pig1740,0.30394156806032435,0.004199666303040858,0.29690746883636887,0.31069342861994226,0.013785959783573387,70,SpikerateCoact_output_1min_20minbuff_0p6
pig1741,0.25847964175021565,0.0031009809019211117,0.2534609307737528,0.2635000178136789,0.010039087039926065,70,SpikerateCoact_output_1min_20minbuff_0p6
pig1742,0.3454811660661642,0.004762892000263848,0.3380281690140843,0.3532631837536847,0.015235014739600428,70,SpikerateCoact_output_1min_20minbuff_0p6
