animal,mean,std,lower,upper,ci_width,state_threshold,exceedance
pig1720,0.1815160825354082,0.0033425403445842376,0.17587002876508534,0.18698408636057584,0.0111140575954905,50,SpikerateCoact_output_1min_20minbuff_0p75
pig1721,0.30000112708003407,0.004902760951529392,0.2919882210822578,0.30785162316637615,0.01586340208411835,50,SpikerateCoact_output_1min_20minbuff_0p75
pig1723,0.43587715100396796,0.0058207266177457495,0.42621283723156067,0.44545971167075427,0.019246874439193595,50,SpikerateCoact_output_1min_20minbuff_0p75
pig1740,0.43390765129741754,0.004654863988409561,0.4264785130189741,0.4418977355256753,0.015419222506701191,50,SpikerateCoact_output_1min_20minbuff_0p75
pig1741,0.38987087066088505,0.00379718312831941,0.3838025535927519,0.39601319159570275,0.012210638002950858,50,SpikerateCoact_output_1min_20minbuff_0p75
pig1742,0.5296844906649194,0.0055031094605529195,0.5206313462168356,0.5388142810350471,0.018182934818211538,50,SpikerateCoact_output_1min_20minbuff_0p75
