animal,mean,std,lower,upper,ci_width,state_threshold,exceedance
pig1720,0.02054057862548539,0.0012121189822571854,0.018564449257889856,0.022502362736836187,0.003937913478946332,80,SpikestdCoact_output_1min_20minbuff_0p75
pig1721,0.05077398126129172,0.002140864734726351,0.047361788179442484,0.05426094630006993,0.006899158120627448,80,SpikestdCoact_output_1min_20minbuff_0p75
pig1723,0.03573687463859145,0.0018730379083956466,0.03260154333911587,0.038882574624633605,0.006281031285517734,80,SpikestdCoact_output_1min_20minbuff_0p75
pig1740,0.13386289189887254,0.003004477889918328,0.12895984399515617,0.13867453141899938,0.00971468742384321,80,SpikestdCoact_output_1min_20minbuff_0p75
pig1741,0.09204827575066157,0.0020258708238621503,0.08875838760478318,0.09532623077303706,0.006567843168253887,80,SpikestdCoact_output_1min_20minbuff_0p75
pig1742,0.06072903701277428,0.002160152430501016,0.057320668195217785,0.06419914837864392,0.006878480183426135,80,SpikestdCoact_output_1min_20minbuff_0p75
