animal,mean,std,lower,upper,ci_width,state_threshold,exceedance
pig1720,0.0022429933256776996,0.0004072874660151769,0.001547037438157488,0.0029534351092097497,0.0014063976710522617,60,SpikerateCoact_output_1min_20minbuff_0p9
pig1721,0.028417632298864463,0.0015927167453650818,0.025820565425780703,0.030957641269653294,0.005137075843872591,60,SpikerateCoact_output_1min_20minbuff_0p9
pig1723,0.04226196885406073,0.001989044923257258,0.03878287571533967,0.04556240154732707,0.006779525831987397,60,SpikerateCoact_output_1min_20minbuff_0p9
pig1740,0.13648500861416102,0.002906851038313136,0.13188341822512084,0.14132985667780584,0.009446438452685002,60,SpikerateCoact_output_1min_20minbuff_0p9
pig1741,0.0978590593627325,0.002068295066225257,0.09453762706867982,0.10124654010780114,0.006708913039121314,60,SpikerateCoact_output_1min_20minbuff_0p9
pig1742,0.07162168358991153,0.002316590019067331,0.06763838847035698,0.07533982967572875,0.007701441205371765,60,SpikerateCoact_output_1min_20minbuff_0p9
