animal,mean,std,lower,upper,ci_width,state_threshold,exceedance
pig1720,0.020114158851622342,0.001160466767748386,0.01821284984012679,0.02208395942969814,0.0038711095895713477,60,SpikestdCoact_output_1min_20minbuff_0p9
pig1721,0.049223255625880966,0.0021469637861616284,0.04549715084954317,0.05276923643615048,0.007272085586607309,60,SpikestdCoact_output_1min_20minbuff_0p9
pig1723,0.046773842994157634,0.00212780970691781,0.04326932663356663,0.050248250284141885,0.006978923650575258,60,SpikestdCoact_output_1min_20minbuff_0p9
pig1740,0.13261054271478942,0.0027844468051930913,0.12794117701607435,0.13725179320488182,0.009310616188807463,60,SpikestdCoact_output_1min_20minbuff_0p9
pig1741,0.09104501458050246,0.0019814376357353974,0.08797209652125983,0.09444743485615803,0.0064753383348982035,60,SpikestdCoact_output_1min_20minbuff_0p9
pig1742,0.06459073042908611,0.002256476981119237,0.06092368162463148,0.068297576154602,0.007373894529970518,60,SpikestdCoact_output_1min_20minbuff_0p9
