animal,mean,std,lower,upper,ci_width,state_threshold,exceedance
pig1720,0.019875704126495433,0.0011519255307383884,0.018001890189468947,0.021799163901310058,0.0037972737118411107,70,SpikestdCoact_output_1min_20minbuff_0p9
pig1721,0.0468077111968629,0.002142260053956523,0.04344604978665393,0.05043843977377634,0.006992389987122413,70,SpikestdCoact_output_1min_20minbuff_0p9
pig1723,0.03002582201750713,0.0017402808738652346,0.027217802237243523,0.0330003389762916,0.0057825367390480775,70,SpikestdCoact_output_1min_20minbuff_0p9
pig1740,0.11448064737675163,0.002565030905316636,0.11035558940052595,0.11864414305365467,0.008288553653128722,70,SpikestdCoact_output_1min_20minbuff_0p9
pig1741,0.07857064529765449,0.001888426928605899,0.07534518676820834,0.08158926301971733,0.006244076251508995,70,SpikestdCoact_output_1min_20minbuff_0p9
pig1742,0.05403431051424825,0.0020785658048881623,0.050687848018342585,0.057402554864068096,0.006714706845725511,70,SpikestdCoact_output_1min_20minbuff_0p9
