animal,mean,std,lower,upper,ci_width,state_threshold,exceedance
pig1720,0.0,0.0,0.0,0.0,0.0,90,SpikerateCoact_output_1min_20minbuff_0p9
pig1721,0.006432066469487671,0.0008038290193843636,0.005127752657223103,0.007738244919082138,0.0026104922618590343,90,SpikerateCoact_output_1min_20minbuff_0p9
pig1723,0.0,0.0,0.0,0.0,0.0,90,SpikerateCoact_output_1min_20minbuff_0p9
pig1740,0.053098491662561254,0.0019925825995210033,0.04991468197500712,0.056440941754324375,0.006526259779317256,90,SpikerateCoact_output_1min_20minbuff_0p9
pig1741,0.03625019281401042,0.0012937248173292626,0.034131970887415194,0.038343253425932915,0.00421128253851772,90,SpikerateCoact_output_1min_20minbuff_0p9
pig1742,0.01637823452341958,0.0011052239751157978,0.01457582705535538,0.018182934818211583,0.0036071077628562036,90,SpikerateCoact_output_1min_20minbuff_0p9
