animal,mean,std,lower,upper,ci_width,state_threshold,exceedance
pig1720,0.12071104178653207,0.002799026586441101,0.11630908739602205,0.1252397126072039,0.008930625211181847,50,SpikestdCoact_output_1min_20minbuff_0p6
pig1721,0.2358940565912973,0.004302573397013589,0.22832484104617057,0.24287367381270994,0.014548832766539371,50,SpikestdCoact_output_1min_20minbuff_0p6
pig1723,0.22719945763793342,0.004347328914199261,0.2199357939024147,0.23439213575003487,0.01445634184762018,50,SpikestdCoact_output_1min_20minbuff_0p6
pig1740,0.5553317365369864,0.00508941314757989,0.5466846121072209,0.5633941461207589,0.01670953401353803,50,SpikestdCoact_output_1min_20minbuff_0p6
pig1741,0.5077021398168607,0.00406848916370798,0.5011426220836089,0.5145118831243398,0.013369261040730884,50,SpikestdCoact_output_1min_20minbuff_0p6
pig1742,0.18102276449394025,0.0036667013392473703,0.17515149033737298,0.18711103832296092,0.011959547985587932,50,SpikestdCoact_output_1min_20minbuff_0p6
