animal,mean,std,lower,upper,ci_width,state_threshold,exceedance
pig1720,0.0605248863328025,0.001985859826525992,0.057240385211827054,0.0639207741493253,0.006680388937498248,60,SpikestdCoact_output_1min_20minbuff_0p6
pig1721,0.13669852052411482,0.0032820002794483054,0.13127046802491146,0.14199213267183247,0.010721664646921009,60,SpikestdCoact_output_1min_20minbuff_0p6
pig1723,0.15376393292257381,0.0036852942385600645,0.147748798628143,0.15962293872505035,0.011874140096907349,60,SpikestdCoact_output_1min_20minbuff_0p6
pig1740,0.3534451160425741,0.00430996564917983,0.3466863285474984,0.3608152395473627,0.014128910999864297,60,SpikestdCoact_output_1min_20minbuff_0p6
pig1741,0.2975418889934056,0.0033781987491627984,0.29217420353310847,0.3031406515274253,0.010966447994316841,60,SpikestdCoact_output_1min_20minbuff_0p6
pig1742,0.12403365542089742,0.0030458719262434165,0.11905912217490987,0.12897150343924002,0.009912381264330153,60,SpikestdCoact_output_1min_20minbuff_0p6
