animal,mean,std,lower,upper,ci_width,state_threshold,exceedance
pig1720,0.02501397801768487,0.0013450649961040781,0.02278364227104664,0.02714699104548628,0.00436334877443964,80,SpikestdCoact_output_1min_20minbuff_0p6
pig1721,0.052474716969892886,0.002159588387699113,0.04903530018302711,0.05593911989697931,0.0069038197139522015,80,SpikestdCoact_output_1min_20minbuff_0p6
pig1723,0.0587363163246994,0.002437637783790641,0.05463500229307491,0.06281031285517737,0.00817531056210246,80,SpikestdCoact_output_1min_20minbuff_0p6
pig1740,0.1650642540013558,0.003260145690106653,0.15986280458390034,0.17038903003441205,0.010526225450511711,80,SpikestdCoact_output_1min_20minbuff_0p6
pig1741,0.12819523317064704,0.002376776308872208,0.12451150569675681,0.13209690203192329,0.007585396335166472,80,SpikestdCoact_output_1min_20minbuff_0p6
pig1742,0.07305887651490334,0.0024815673256897964,0.06902636750736975,0.07721912872584338,0.008192761218473635,80,SpikestdCoact_output_1min_20minbuff_0p6
