animal,mean,std,lower,upper,ci_width,state_threshold,exceedance
N1,0.069485046,0.002198429,0.065819411,0.073062359,0.007242948,60,SpikerateCoact_output_1min_20minbuff_0p75
N2,0.167836752,0.003683986,0.161659395,0.174157127,0.012497732,60,SpikerateCoact_output_1min_20minbuff_0p75
N3,0.25057626,0.004542564,0.24316564,0.258020777,0.014855137,60,SpikerateCoact_output_1min_20minbuff_0p75
N4,0.289547668,0.003851706,0.283186025,0.295617157,0.012431133,60,SpikerateCoact_output_1min_20minbuff_0p75
N5,0.250293658,0.00305653,0.245505515,0.255176895,0.00967138,60,SpikerateCoact_output_1min_20minbuff_0p75
N6,0.305618981,0.004619191,0.298149361,0.313216508,0.015067147,60,SpikerateCoact_output_1min_20minbuff_0p75
