animal,mean,std,lower,upper,ci_width,state_threshold,exceedance
N1,0.040177406,0.001655316,0.037476982,0.042824809,0.005347827,70,SpikerateCoact_output_1min_20minbuff_0p75
N2,0.089845219,0.002817829,0.085209264,0.09435531,0.009146046,70,SpikerateCoact_output_1min_20minbuff_0p75
N3,0.141395486,0.003674678,0.135286435,0.147554386,0.012267951,70,SpikerateCoact_output_1min_20minbuff_0p75
N4,0.218373338,0.003522724,0.212762181,0.224106735,0.011344555,70,SpikerateCoact_output_1min_20minbuff_0p75
N5,0.164140946,0.002631461,0.159751222,0.168499867,0.008748645,70,SpikerateCoact_output_1min_20minbuff_0p75
N6,0.146700049,0.003306591,0.141004749,0.152149525,0.011144776,70,SpikerateCoact_output_1min_20minbuff_0p75
