animal,mean,std,lower,upper,ci_width,state_threshold,exceedance
pig1720,0.019366166250273195,0.0011388786536882134,0.017439331121048045,0.021306924716441765,0.0038675935953937195,80,SpikestdCoact_output_1min_20minbuff_0p9
pig1721,0.04452884468412646,0.0020163080635732652,0.04120848499077476,0.04792117937841228,0.0067126943876375245,80,SpikestdCoact_output_1min_20minbuff_0p9
pig1723,0.028822755279057248,0.0016423784643519912,0.026121114235010266,0.0315098402823473,0.005388726047337037,80,SpikestdCoact_output_1min_20minbuff_0p9
pig1740,0.0888661982766084,0.0023966315162197416,0.0851571638946397,0.09290242849225815,0.0077452645976184425,80,SpikestdCoact_output_1min_20minbuff_0p9
pig1741,0.06090291591296814,0.0016054712850187287,0.05832198480992775,0.06345831568200236,0.005136330872074608,80,SpikestdCoact_output_1min_20minbuff_0p9
pig1742,0.046904110710776256,0.0019114848994449512,0.04380527350147393,0.050036849000982604,0.006231575499508674,80,SpikestdCoact_output_1min_20minbuff_0p9
