animal,mean,std,lower,upper,ci_width,state_threshold,exceedance
pig1720,0.21533214101714077,0.0037185494850151806,0.20934229333612916,0.22108922988359317,0.011746936547464004,60,SpikerateCoact_output_1min_20minbuff_0p6
pig1721,0.37999779780737425,0.005152235467879692,0.3718086835819225,0.3888701151505012,0.0170614315685787,60,SpikerateCoact_output_1min_20minbuff_0p6
pig1723,0.49427070247851485,0.0057394715035337775,0.485030208769516,0.5035791908436521,0.018548982074136078,60,SpikerateCoact_output_1min_20minbuff_0p6
pig1740,0.48615901950017437,0.004940473000488148,0.47795854658517023,0.4942572182504787,0.016298671665308462,60,SpikerateCoact_output_1min_20minbuff_0p6
pig1741,0.44096203016189867,0.0040187532576381494,0.43421768777160213,0.44767945364568873,0.013461765874086595,60,SpikerateCoact_output_1min_20minbuff_0p6
pig1742,0.5678071568948572,0.005504976663577964,0.5585448738945297,0.5767278087127412,0.018182934818211538,60,SpikerateCoact_output_1min_20minbuff_0p6
