Animal,ER_stress
pig1666,8.700948403375971e-05
pig1670,0.0033552943967702564
pig1690pvccmrtx,0.0011196238064010492
pig1692chronicPVCRTX,0.00040538349278417397
pig1767pvc,0.0015848174488401112
pig1768,0.0006341039205739546
pig1770,0.0006205629747306756
pig1774pvc,0.0005706676811869887
pig1841pvc,0.000735460511427925
pig1843pvc,0.0004216969083592376
pig1844,0.0
