Animal,ER_stress
pig1666,0.00017401896806751942
pig1670,0.0016776471983851282
pig1690pvccmrtx,0.0014395163225156347
pig1692chronicPVCRTX,0.0008107669855683479
pig1767pvc,0.0018819707204976322
pig1768,0.0008152764693093702
pig1770,0.0007446755696768107
pig1774pvc,9.511128019783147e-05
pig1841pvc,0.00028286942747227887
pig1843pvc,6.024241547989109e-05
pig1844,0.0
