Animal,ER_stress
H1,0.00017401896806751942
H2,0.0016776471983851282
H3,0.0014395163225156347
H4,0.0008107669855683479
H5,0.0018819707204976322
H6,0.0008152764693093702
H7,0.0007446755696768107
H8,9.511128019783147e-05
H9,0.00028286942747227887
H10,6.024241547989109e-05
H11,0.0
