Animal,ER_stress
H1,8.700948403375971e-05
H2,0.0033552943967702564
H3,0.0011196238064010492
H4,0.00040538349278417397
H5,0.0015848174488401112
H6,0.0006341039205739546
H7,0.0006205629747306756
H8,0.0005706676811869887
H9,0.000735460511427925
H10,0.0004216969083592376
H11,0.0
