time,shannon_entropy
12002.827049999998,0.33148029370460463
12021.46719285714,0.356543815363754
12040.107335714283,0.2899570058708471
12058.747478571426,0.21843571296536235
12077.38762142857,0.30680650063343373
