Animal,ER_stress
pig1720,0.0012086113125755376
pig1721,0.0008145021380777847
pig1723,0.00034153005464480874
pig1740,0.0
pig1741,0.0
pig1742,0.00011960291831120679
