Animal,ER_stress
N1,0.0010987375568868524
N2,0.0022398808797139077
N3,0.00034153005464480874
N4,0.0
N5,0.0
N6,0.000598014591556034
