Animal,ER_stress
N1,0.0012086113125755376
N2,0.0008145021380777847
N3,0.00034153005464480874
N4,0.0
N5,0.0
N6,0.00011960291831120679
