Animal,ER_stress
pig1720,0.0010987375568868524
pig1721,0.0022398808797139077
pig1723,0.00034153005464480874
pig1740,0.0
pig1741,0.0
pig1742,0.000598014591556034
